{
  "host": "localhost",
  "port": 3030,
  "public": "./public/",
  "origins": [
    "http://localhost:3030"
  ],
  "paginate": {
    "default": 10,
    "max": 50
  },
  "sqlite": {
    "client": "sqlite3",
    "connection": "rest-api.sqlite",
    "useNullAsDefault": true
  },
  "authentication": {
    "entity": "user",
    "service": "users",
    "secret": "Rt53hUgpaiUGpg42FXvF3/34emIW6fxZ",
    "authStrategies": [
      "jwt",
      "local"
    ],
    "jwtOptions": {
      "header": {
        "typ": "access"
      },
      "audience": "https://yourdomain.com",
      "algorithm": "HS256",
      "expiresIn": "100d"
    },
    "local": {
      "usernameField": "email",
      "passwordField": "password"
    }
  }
}